id,ime,priimek
1,Cissy,Althrope
2,Alica,Twort
3,Gram,Kunzel
4,Annette,Rodge
5,Coriss,Worgen
6,Cyril,Greeson
7,Hirsch,Tomkys
8,Belia,Verduin
9,Wanda,Drysdale
10,Konstantine,Drakeley
11,Stacia,Tarpey
12,Cosette,Birkbeck
13,Casi,Mussen
14,Farlay,Wofenden
15,Vernor,Elven
16,Charisse,Blanden
17,Lyman,Dowyer
18,Caralie,Froschauer
19,Torrey,Turbitt
20,Crissy,Parratt
21,Earle,Fyers
22,Evelyn,Else
23,Devondra,Danell
24,Dore,Bacher
25,Nedi,Arnhold
26,Rainer,Sola
27,Nicolle,Heavens
28,Griswold,Coetzee
29,Forrester,Hodinton
30,Paulina,McCritchie
31,Rosita,Sneyd
32,Ebony,Tinmouth
33,Doyle,Crack
34,Will,Placido
35,Tracey,Poppy
36,Brewer,Kinworthy
37,Harland,Ballentime
38,Pierson,Grigorini
39,Aubry,Burchell
40,Taite,Yo
41,Helaina,Kinglesyd
42,Othelia,Scullion
43,Jilly,Leasor
44,Lorena,Roskelly
45,Cherye,Bagworth
46,Birgit,Macias
47,Paige,Canedo
48,Abbie,Crayke
49,Herschel,Nimmo
50,Gloriana,Dadson
51,Fayth,Boother
52,Antone,Cornelissen
53,Wylie,Harp
54,Berky,Filkov
55,Evonne,Fairham
56,Karleen,Crosthwaite
57,Gianina,Waples
58,Arabelle,Eyer
59,Jeanna,Fricke
60,Lita,Stallen
61,Kerstin,Ellsworthe
62,Raimund,Amyes
63,Hirsch,Pavlovic
64,Keane,Rowsel
65,Findlay,Abramowitch
66,Marshall,Huitson
67,Morena,Board
68,Jason,Eneas
69,Nelli,Lamb
70,Kayle,Kurten
71,Tandi,Magne
72,Carita,Cundict
73,Keelby,Werrit
74,Katie,Gemson
75,Stacy,Pien
76,Ali,Melsom
77,Eric,Davidy
78,Florence,Ballinger
79,Hailey,De Fries
80,Aubree,Cansdall
81,Siana,Duhig
82,Kit,Cicchelli
83,Sergio,Gorhardt
84,Rana,Vowdon
85,Moe,Deehan
86,Cozmo,Navein
87,Graehme,Lyst
88,Jemie,Tames
89,Neddy,Cundict
90,Pollyanna,Greenhowe
91,Joella,Burnes
92,Kania,Huie
93,Shannan,Borlease
94,Kelcy,Piscopiello
95,Shandee,Lartice
96,Shannan,Birbeck
97,Christean,Drummond
98,Brewer,Westphalen
99,Scarface,Beamont
100,Fern,Ipplett
101,Stern,Upward
102,Juliette,Kettoe
103,Eddi,Scarasbrick
104,Vivyanne,Ryton
105,Junina,Tebald
106,Jarvis,Walsh
107,Ferrel,Dundridge
108,Adriane,Rummer
109,Roby,Janauschek
110,Rex,Ebbotts
111,Barbaraanne,McGrowther
112,Vinny,Impson
113,Nikaniki,Braham
114,Jackquelin,Sainsberry
115,Hestia,Vanyushin
116,Karlik,Poacher
117,Zandra,Postles
118,Molli,Gannaway
119,Jerry,L'argent
120,Meara,Hambelton
121,Parry,Ruos
122,Vallie,McGorman
123,Colin,Harrismith
124,Laird,Swindon
125,Juli,Ebenezer
126,Gus,Dilliston
127,Lothario,Hacquoil
128,Annabella,Raulin
129,Brynn,Tripe
130,Bernadette,Fearfull
131,Wendy,Yakunchikov
132,Randall,Biggadike
133,Miguelita,Hayto
134,Neely,Malenoir
135,Ethe,Bruckmann
136,Derry,Pennigar
137,Pablo,Toun
138,Elmore,Meneer
139,Dorris,Hinkensen
140,Cordy,Klampk
141,Luz,Treacher
142,Jean,Creak
143,Dian,Schuchmacher
144,Mellisent,Gravell
145,Henrietta,Forsyde
146,Darius,Proven
147,Jocko,Ingleston
148,Mari,Hasker
149,Korie,McCarthy
150,Sawyere,Aplin
151,Mord,Quilligan
152,Caressa,Mapam
153,Dukie,Wardhaugh
154,Lula,Erat
155,Netty,Pavia
156,Amble,Terron
157,Jackqueline,Ilymanov
158,Dolley,Longhorne
159,Tommy,Honacker
160,Alden,Forre
161,Alaine,Macon
162,Roley,Ruzek
163,Legra,Aust
164,Zaria,Guilayn
165,Xena,Barg
166,Josephine,Olliar
167,Lena,Pellatt
168,Leontine,Midgely
169,Sawyer,Harrad
170,Allyn,Brum
171,Chrissie,Shalcras
172,Bobby,Spinello
173,Jard,Ellwell
174,Marcille,Rawsthorn
175,Quincey,Klehyn
176,Alden,O'Leary
177,Gearard,Simeoli
178,Erda,Nicholes
179,Maurizio,Shelsher
180,Clemmie,Solley
181,Yancy,Maclaine
182,Gunner,Bogays
183,Vito,Lunney
184,Erinn,Collihole
185,Felecia,Hankey
186,Erie,Spours
187,Misty,Belcham
188,Noland,Stratz
189,Augustus,Lanceter
190,Cleo,Cess
191,Alyda,Clothier
192,Asa,Playle
193,Tedra,McAllan
194,Ade,Christaeas
195,Zonnya,Elvin
196,Alix,Hartzenberg
197,Debera,Astbery
198,Sansone,Curee
199,Truman,Kitson
200,Happy,Imorts
201,Sidonia,Hankin
202,Lilia,Eddisforth
203,Steward,Lillywhite
204,Joan,Buchanan
205,Gasper,Strank
206,Bryanty,Palethorpe
207,Marlo,Heimann
208,Phillip,Allsworth
209,Kareem,Pibsworth
210,Alvina,Halson
211,Annissa,Harget
212,Kendre,Neward
213,Janaye,Beckerleg
214,Orlando,Brunel
215,Chrissy,Frenzel
216,Cedric,Cairns
217,Benoit,D'Aubney
218,Demetre,Alabone
219,Biddie,Solloway
220,Ilyssa,Tremblet
221,Blake,Coddington
222,Jobye,Rioch
223,Lyle,Danilovic
224,Tabbi,Simeon
225,Lyn,Casaletto
226,Misty,Doughty
227,Moises,Butterwick
228,Dorolisa,Lindemann
229,Cherey,Arnault
230,Candra,Moncrefe
231,Wilona,Nolan
232,Matthus,Bartusek
233,Ermentrude,Demougeot
234,Gertrude,Staynes
235,Zorine,Brastead
236,Waldo,Bremley
237,Lorettalorna,Caulcutt
238,Corette,Laurenzi
239,Trenna,Petroselli
240,Meier,Cliburn
241,Myrtice,Orritt
242,Jennee,Guswell
243,Blondy,Barthrup
244,Zaneta,Wychard
245,Arleta,Phillcox
246,Rica,Hazeup
247,Lexine,Tooting
248,Jillayne,Davidov
249,Cooper,Delf
250,Clotilda,O'Lahy
251,Dotti,Foat
252,Dew,McGorman
253,Konstantine,Mickleburgh
254,Tracey,Applewhite
255,Deane,Smartman
256,Loy,Lighton
257,Che,Miranda
258,Maurise,Mazey
259,Marmaduke,Drewe
260,Porter,Lind
261,Jarrett,Zaczek
262,Coraline,Songist
263,Piggy,Joesbury
264,Madeline,Walduck
265,Philippine,Fearnyough
266,Gale,Middiff
267,Kamila,Lumsdall
268,Celeste,Hathway
269,Brynna,Sayles
270,Riley,Bayne
271,Gerianna,Clawsley
272,Kristel,Posnette
273,Quentin,Joinson
274,Jenny,Wainwright
275,Spencer,Rountree
276,Joelle,Norvell
277,Vinson,O' Finan
278,Frederich,Ygo
279,Pansy,Dumphry
280,Gabie,Devericks
281,Goober,Batman
282,Judi,Oloman
283,Crissy,Keyhoe
284,Lisa,Brehault
285,Bette,Sealey
286,Hetti,Ettridge
287,Tibold,Miskelly
288,Saw,Vedeshkin
289,Silvia,Saterweyte
290,Eb,Greensted
291,Ingar,Carlson
292,Ronalda,Youles
293,Clevie,Mandy
294,Rowena,Paule
295,Julee,Goudge
296,Clayborne,Snowding
297,Daphene,Baldassi
298,Whitman,Ornells
299,Buiron,Stenners
300,Bili,Douris
301,Fonz,Haylands
302,Glenden,Barmby
303,Corabel,De Dei
304,Evanne,L'Hommee
305,Izak,Kingscote
306,Mirella,Sproule
307,Alec,Credland
308,Lorin,Carlesso
309,Saleem,Rockliffe
310,Geoff,Jerzycowski
311,Berke,Cahillane
312,Hamish,Blazhevich
313,Devin,Woollin
314,Wendy,Buick
315,Janeen,Medcalf
316,Oona,Twopenny
317,Isidro,Mannering
318,Karil,MacCarter
319,Giselle,Ravenshaw
320,Lidia,Simester
321,Esteban,Leversuch
322,Con,Gorvette
323,Koo,Cremins
324,Ursulina,Stanaway
325,Waylen,Clifford
326,Elwira,Seivwright
327,Farand,Stoneman
328,Lonni,Learmount
329,Hildegarde,Volks
330,Meade,Bothbie
331,Lucila,Reinmar
332,Reiko,Caddies
333,Kaylil,Lornsen
334,Betsy,Benditt
335,Demetris,Gerretsen
336,Sabine,de Keyser
337,Owen,Damant
338,Jocelyn,Brosnan
339,Quint,Stille
340,Cynthie,Snasdell
341,Carmita,Wadforth
342,Michal,Michie
343,Nancy,Summerlad
344,Heda,Fyndon
345,Pandora,Hance
346,Merle,Bentall
347,Cherry,Sharpling
348,Jeniece,Crim
349,Tybi,Kitteringham
350,Chip,Wildt
351,Benetta,Rymell
352,Nikola,Hrihorovich
353,Land,Armytage
354,Esta,Sellner
355,Derby,Bernardoni
356,Marna,Aldam
357,Stevie,Oels
358,Chaunce,Hovert
359,Olav,Walworth
360,Laurel,Aikenhead
361,Elvira,Bowskill
362,Nataniel,MacNeillie
363,Loren,Barkaway
364,Shara,Fallawe
365,Lorette,Campe
366,Nesta,Cunde
367,Wylie,Chamberlain
368,Mendel,Balfe
369,Ellynn,Gasticke
370,Dolly,Calvard
371,Poppy,Peter
372,Kirbie,Snalom
373,Lukas,Astie
374,Austin,Roback
375,Lucian,Coad
376,Kerrin,Welsby
377,Dinnie,Ohanessian
378,Wolf,Moylan
379,Mufi,Silwood
380,Janeczka,Paulsen
381,Alaster,Francesconi
382,Tally,D'Souza
383,Quincy,Turner
384,Lucine,Giraths
385,Jasun,Artin
386,Mead,Harmond
387,Chaddy,Beasleigh
388,Blaire,De Filippi
389,Gilly,Shardlow
390,Ashely,Jess
391,Dolf,Plews
392,Nikolaus,Lethley
393,Frances,Itzcovichch
394,Sanderson,O'Calleran
395,Belle,Bletsor
396,Scarlet,Crinkley
397,Maighdiln,Mallam
398,Aigneis,Lemanu
399,Con,Magwood
400,Giustina,De Laspee
401,Dian,Songust
402,Alyda,Craisford
403,Myca,McKomb
404,Tana,McKeran
405,Jamison,Inchbald
406,Lezlie,Pinnigar
407,Carlene,De Lacey
408,Andres,Downe
409,Leanor,Musso
410,Puff,Duggary
411,Erma,Matthieson
412,Cristiano,Hutchison
413,Karoly,Laverty
414,Diane-marie,Casbolt
415,Eugene,Heinreich
416,Peirce,Rackstraw
417,Byrann,Barczynski
418,Deb,Davie
419,Elisabet,Filgate
420,Irina,O'Hagirtie
421,Angeline,Beldan
422,Nissa,Alcoran
423,Tedman,Pinyon
424,Thorvald,Dalziel
425,Guthry,Bridell
426,Carolan,Brandel
427,Carmita,Kibbey
428,Kristoforo,Rosenauer
429,Phillipp,Duchant
430,Ilario,Wharmby
431,Diarmid,Hollindale
432,Thorvald,Kaufman
433,Siffre,Broadstock
434,Christine,Lamswood
435,Karl,Owbrick
436,Angel,Collar
437,Constancy,Lavrinov
438,Jud,Hugnet
439,Yuri,De Robertis
440,Delinda,Prin
441,Leonore,Tedridge
442,Sky,Long
443,Linoel,Wyse
444,Claudell,Melin
445,Tamar,Bertouloume
446,Magdalen,Tolworthie
447,Devland,Lotterington
448,Letisha,Deary
449,Theo,Dykas
450,Dore,Grayer
451,Otto,Chown
452,Jemima,Kilrow
453,Tatiana,Faraday
454,Silvester,Crighton
455,Paolina,Wasbey
456,Godart,Sillett
457,Delia,Louden
458,Bird,McPeake
459,Etty,Clinning
460,Rudolf,Van Der Weedenburg
461,Clayson,Benford
462,Rochell,Keijser
463,Pedro,Ottley
464,Berty,Totman
465,Ashil,Gerred
466,Rachel,Davioud
467,Priscilla,Frediani
468,Pier,Gantlett
469,Leah,Bromet
470,Celesta,Saulter
471,Elana,Rabjohn
472,Francyne,Lemonby
473,Casper,Martinek
474,Janella,von Nassau
475,Thorn,Stevani
476,Gary,Raywood
477,Northrup,Minshull
478,Karlie,Dilloway
479,Maximo,Stonebanks
480,Orsa,Stedall
481,Fianna,Grafton
482,Shelley,Redmell
483,Lynn,Beaford
484,Fernande,Rawcliffe
485,Marthena,Scamaden
486,Beniamino,Conre
487,Euphemia,Rains
488,Una,Banbrook
489,Bunny,Shelly
490,Gerry,Latour
491,Normand,Parkin
492,Thatch,Jessen
493,Harcourt,Duiged
494,Lee,Gow
495,Lyssa,McLaughlin
496,Dennie,Baxill
497,Rafaelia,Lambot
498,Pierre,Clatworthy
499,Arny,Orchard
500,Moira,Stopps
